Ticker,Earnings_Date,Source
AAPL,2021-01-27,Investing.com
AAPL,2021-04-28,Investing.com
AAPL,2021-07-27,Investing.com
AAPL,2021-10-28,Investing.com
AAPL,2022-01-27,Investing.com
AAPL,2022-04-28,Investing.com
AAPL,2022-07-28,Investing.com
AAPL,2022-10-27,Investing.com
AAPL,2023-02-02,Investing.com
AAPL,2023-05-04,Investing.com
AAPL,2023-08-03,Investing.com
AAPL,2023-11-02,Investing.com
AAPL,2024-02-01,Investing.com
AAPL,2024-05-02,Investing.com
AAPL,2024-08-01,Investing.com
AAPL,2024-10-31,Investing.com
AAPL,2025-01-30,Investing.com
AAPL,2025-05-01,Investing.com
AAPL,2025-07-31,Investing.com
AAPL,2025-10-30,Investing.com
